,0,1,2,3,4,5,6,7,8,9,10,11,12,13,14,15,16,17,18,19,20,21,22,23,24,25,26,27,28,29,30,31,32,33,34,35,36,37,38,39,40,41,42,43,44,45,46,47,48,49,50,51,52,53,54,55,56,57,58,59,60,61,62,63
2,6.6313047,-0.21847977,-0.21489856,0.9951574,-0.2837328,1.65827,-1.7581388,1.4451795,3.269742,-0.42469585,-2.1657648,-2.4116788,0.1622828,-0.020121083,-0.8363612,4.0124736,4.8472686,-1.1230798,-0.91569763,1.2584274,-2.0891209,2.5498843,2.8994706,-0.03749831,3.0792,0.10511167,-3.8229635,-1.2076137,3.3951125,-0.05827354,-2.4413745,2.475613,-1.3016518,-0.26422054,-2.3993542,3.7583795,-2.018802,2.2217429,-2.2138436,1.977466,0.054932,0.0069707497,-1.4964639,-1.6744117,-1.2477062,-2.4671695,-1.270088,1.6594121,0.31128275,-1.0511948,-0.2537327,-0.41644844,-4.348408,3.6850283,1.0407629,-0.0290884,2.1194432,1.7144911,0.029792085,0.5318427,4.3928185,2.7846227,-1.7427346,1.4389497
188,0.35222316,-2.3119652,0.7629157,1.9868501,-0.5015839,-2.3506525,1.0987972,-1.093802,2.5012028,-0.75726587,-3.3254294,0.14308943,0.60371137,0.30806974,-1.2809463,0.56814057,3.8126683,0.0010644495,2.7927094,-0.4586709,0.6776576,3.2618477,1.8198872,-0.89908004,2.2563083,0.68760437,-1.1989111,0.14229573,3.448662,2.2034314,0.5335642,-1.0243593,-1.5098932,-1.4209695,-3.5737624,2.9993017,3.339122,1.1657913,2.6409135,-0.70932037,-2.673263,1.1734862,-0.19869049,-0.448771,-0.89705455,-1.1388646,0.48632154,0.58642685,0.041739732,0.9298811,2.3617163,-2.202569,-1.0214972,3.5987933,3.3124764,2.6075497,-2.3000922,1.0890725,-0.76140034,-2.5500183,0.6759787,1.0474176,-1.1852014,0.433531
242,0.4073065,-2.2196224,0.81404716,0.05567766,0.9017255,-0.7810801,1.2906278,-1.5878698,3.1203196,-1.5165484,-1.992074,0.541852,0.5045434,0.93203783,-0.70932263,1.0119419,2.2561913,-0.8395927,2.7572277,-0.79677236,1.0543286,2.5103815,2.5857656,-0.8029052,1.6042848,0.7822263,-2.0116174,-0.058296576,1.9078935,1.098048,-0.9606714,0.18176918,-1.921368,-0.98246586,-3.258982,3.0815814,3.0863721,1.220741,1.1732272,-1.5225477,-2.106749,1.3027177,-0.8813695,-0.82016015,-1.7290719,-1.5856208,0.83248013,0.39250043,0.9481776,0.9575116,0.83963794,-1.0504421,-1.2340677,2.7779782,2.3218782,1.202468,-1.0779371,1.6885651,-1.6141055,-2.3760455,0.05241514,1.3584764,-0.44303724,0.20583916
416,-0.9167348,-2.7773194,-0.8534742,1.1533544,0.9462588,-3.4072924,0.02923768,-1.4014031,1.4786026,-2.1030219,-0.73092854,-0.7394609,0.8193747,-1.3851848,-0.10351518,0.6939389,5.595692,-0.43028778,3.3885782,-1.6117083,1.7317549,3.180128,1.2194722,0.250667,3.2278836,-1.2454922,-2.364957,-2.2148054,4.9065638,2.28491,-0.3807203,-0.8356008,-0.9621852,-0.12385054,-5.339289,0.67651606,3.1230478,0.0896074,3.2038996,1.8403491,-1.1467402,1.1947987,1.4132859,0.030183576,0.44680926,-1.3723154,1.0104907,0.19908352,-2.0557282,1.3299725,2.2824788,-1.8506483,-0.63193417,0.7474522,3.5068872,1.9168422,-2.6547034,3.4453988,-1.3384396,-1.6229923,1.0875951,2.2593663,0.783654,0.90574634
569,-1.4900954,-1.5083296,0.8806999,3.2957966,-1.1677679,-4.131475,1.0619944,-2.3280547,2.5444589,-3.2805173,-0.030734176,-0.3677979,1.7650713,-2.9679985,-0.13844757,-0.43919396,7.6410184,0.23287839,2.8419533,-1.2054863,2.52641,2.9044077,1.9837925,0.9164138,3.0120313,0.38613796,-2.043406,0.19508044,3.0737908,-0.9916311,0.7222648,-2.1275063,-0.4488359,-0.81104,-6.8348985,2.2958205,3.6117706,2.5135431,2.942064,4.036361,0.06695944,-0.077991694,1.3215102,0.08053621,-0.843132,1.2106711,0.42057055,-1.1149063,-4.1463346,0.90256643,0.81664675,-2.5241852,0.05301933,2.884075,3.6784558,1.635315,-1.9383326,2.6915052,-0.41737825,-3.6019206,4.2009478,1.7812034,-0.20140862,3.7449465
717,1.0891763,-2.2613337,0.5844451,1.3608223,-0.026867036,-2.1368203,1.2227247,-1.2909906,2.6403782,-1.3493451,-0.5226666,-1.2690748,1.6610506,-0.030731127,-1.7255725,1.5289451,4.4325914,-0.42729932,2.1992133,-0.95908993,-0.16961128,2.8196337,1.3799855,-1.1054751,2.1277244,0.3733157,-2.5643554,-0.55442613,3.463443,1.2721133,0.39724335,-0.36894298,-0.98006505,-1.0000526,-4.1204143,3.086725,2.9314117,0.467681,1.9058233,0.3442248,-1.1124301,0.8502948,-0.4112484,-1.1350969,0.046266034,-1.1856532,2.072316,1.4792392,-1.428458,1.2355176,1.7692358,-1.8808392,-1.6704956,3.3492455,2.7162943,1.578468,-1.1003722,1.3600012,-0.13639936,-2.624209,1.1060011,1.0450562,-0.84458935,0.2328329
746,1.9108863,-3.3485453,0.61616683,-0.43828562,-0.55461025,-0.81734675,2.2368104,-1.7909741,2.2891262,0.08993069,-2.488203,-0.056730002,0.07316364,0.47652635,-0.76071537,0.097011425,2.5061588,1.5350469,2.143358,-0.06408205,2.2548587,1.5274202,0.92472386,-1.5469326,2.4425936,0.5335509,-1.6137555,-0.41277766,1.6765131,1.2672608,-2.2975187,-0.56423163,-1.8988281,-1.0907557,-2.2814815,3.803718,3.697067,0.90708625,0.34103292,-3.2437437,-3.6526687,0.84039855,0.5689921,0.06635301,-0.54647315,-2.5663998,0.6909159,1.0218548,1.2669235,2.4123394,2.8000572,-1.4298213,-1.5150592,2.4309604,2.9162269,2.5701334,-3.0195825,0.7994486,-0.62189937,-3.5320876,-2.2019265,-0.15060346,-0.8736322,-0.6896046
977,1.7277728,-2.582977,-0.5403075,-0.3811665,2.1645756,-0.9575018,-0.6706632,-0.6243316,0.71610975,-0.69850725,-1.2131366,0.026536968,0.43709058,1.0621405,-0.7652892,1.5702413,3.0969086,-1.1648474,2.3810077,-1.0645616,0.8274143,2.1145298,2.1619945,-0.28651506,2.8486044,-0.03291796,-2.676586,-2.3060122,4.061151,1.8197136,-1.4881501,1.5171478,-0.97568506,-0.87783504,-3.0105367,1.5027723,1.689743,0.338539,-0.75140053,-0.39664868,-2.4290805,1.4947388,-1.0006316,-1.6578348,-0.31008375,-3.3254654,-0.4077528,1.8461454,0.11721993,0.9798414,2.118984,-1.5703955,-2.6469069,0.21870932,1.4197977,1.28366,-1.1474743,3.2944891,-0.8337823,-1.8008572,1.0302927,1.9422601,-0.1990738,0.23043805
1637,1.9494255,-1.364825,-1.3927052,1.4955003,-0.37396762,-0.8665975,-0.37898916,0.65868187,1.8737683,-1.6396908,-1.8643641,-0.91422176,2.358885,-0.14436546,0.01961279,2.8274226,5.8694696,0.25791943,1.4897038,-0.060532022,-0.38104427,3.2365773,2.7042015,1.4123896,1.3262653,-0.8913894,-3.4777992,0.8491105,4.805293,1.6007355,0.17971902,-0.93659186,-1.7141749,-0.49538392,-5.346556,1.9829396,1.809195,1.7200916,0.5694533,4.360042,-0.05991368,1.007176,0.23775724,0.32171327,-1.1446072,-1.46715,0.04712118,-1.2701305,-1.7811611,-0.057921775,0.58459514,-1.4586295,-0.7542394,3.6462107,3.4213693,1.4374883,-0.3825234,1.9723574,-1.8814232,-1.2794926,2.9585578,2.176291,0.15373564,3.086796
1687,-0.4731151,-3.7331934,1.2327902,-2.2581565,1.1703483,-1.3311766,1.9000596,-1.8332001,2.4111924,-1.3633863,-2.731127,-0.06183572,0.52858025,0.51282585,-1.1532612,0.9948139,1.251465,-0.5197833,2.4456117,-1.111138,2.031234,2.4139345,0.6935904,-1.0682634,0.8143478,-0.86242163,-2.7307432,-1.0483923,2.8873103,2.4156518,-1.9764347,-0.32530951,-1.4644282,-0.56338847,-3.583064,1.86034,4.253578,0.66964966,2.067188,-1.3976291,-2.1637042,2.1439226,-0.48301825,0.105833106,-0.6480936,-3.4444327,1.5906001,1.5858556,0.393504,1.9163364,1.7890699,-1.2144821,-0.53777647,1.4252877,2.041569,0.75518477,-3.7092643,2.4097831,-2.0240123,-2.0918248,-2.4522417,0.46754438,-0.35543257,-1.0276701
1692,2.3171132,-1.7936912,-0.8657257,0.5676636,1.267772,-1.3204123,-0.4720788,-1.3044571,2.3843348,-0.7009046,-1.4096035,-0.21176495,0.18863112,1.6770873,-0.4638625,1.5745801,2.3774276,-0.2968343,2.6777627,-0.8652363,0.28487504,2.4012606,1.922843,-1.6504927,2.0209386,0.8376588,-2.8386028,-1.335576,2.899742,2.9435282,-1.2489835,1.7778124,-2.0133789,-0.77309644,-2.9077594,1.9748996,1.0541582,0.93560684,0.52827805,-1.3693683,-2.5579515,1.3802097,-2.2417963,-1.1990746,-1.9105458,-3.5549555,1.8639816,1.1342392,1.004273,0.67119193,0.8803077,-0.9500419,-1.9417168,2.154302,2.5230012,2.4240742,0.01620818,2.3237367,-0.7194043,-1.2750022,1.2956305,1.7621664,-0.8454482,-0.48471296
1708,-0.5775859,-1.9699596,0.92638206,0.48807436,1.1961938,-2.18593,0.14265072,-1.9151201,2.4150555,-2.231439,-0.80175954,-0.011413768,1.1010355,-0.36912978,-1.2212986,0.94590575,4.059362,-1.2348939,2.545289,-1.585438,0.8450459,3.3229735,2.2251236,-0.08435358,1.4278343,-0.31140134,-2.7560608,-0.8699059,3.1608603,1.0654309,-0.46035385,0.34656876,-1.245287,-0.9044152,-5.2410855,1.9262031,2.3083155,0.88393486,2.2856042,1.2538444,-0.73020303,1.2511855,-0.6294908,-0.7490509,-0.44479707,-0.8866126,0.6715656,0.27784908,-1.7135872,1.1879117,0.37272018,-1.585159,-1.3207109,2.1731563,2.3064346,0.70509154,-1.5150462,2.7246482,-0.9770073,-2.7386274,1.9379445,2.1959658,-0.27543265,1.5728465
1826,-0.62532884,-1.5133157,0.81880003,2.7079856,-0.22815794,-3.586264,0.4754593,-1.6748217,2.6236863,-2.9965706,-0.9435021,-0.0043679625,1.3396496,-1.5640706,-0.2786748,0.13577451,6.2771244,-0.3669371,2.8285892,-1.0394449,2.0480285,3.1354337,2.2536368,0.49160656,3.1590965,0.6631053,-2.2651858,0.10716222,3.241168,-0.22365291,0.8730637,-1.2547121,-0.21559146,-0.85761815,-6.109285,2.3132668,3.5073838,2.530353,2.5195305,3.0025098,-0.46545768,0.6903437,0.541471,-0.29028177,-1.3680116,0.2527365,-0.16488372,-0.5197511,-2.8471339,0.7506427,1.1590362,-2.3365116,-0.49392015,2.6683788,3.1868417,1.1791669,-1.6068947,2.7617517,-0.3996778,-3.1156282,4.2676125,2.0319734,-0.80603635,2.958441
1884,2.4416459,-3.1482677,-0.06572798,-1.4857476,0.04622722,0.23769338,2.651172,-0.5860587,4.211494,-1.028413,-1.4150087,0.3677783,0.58682704,1.5822608,-0.36016083,1.7753552,0.84050816,0.11254037,2.3973093,-1.1433599,0.99457496,1.0754251,0.9030161,-1.9730746,1.309912,-0.1682923,-2.896575,0.089794934,0.44968304,2.1453218,-2.8894258,0.36735395,-2.4179244,-0.019950345,-1.3284447,2.71333,3.827216,0.32640585,0.18808447,-4.7941246,-2.999272,1.2359296,-1.2146525,-0.9565286,-1.2020547,-3.379194,2.06938,0.6113451,2.9788897,2.0719128,0.99018794,-0.5290339,-1.171411,2.2098367,2.762962,1.263452,-1.794504,0.832678,-1.1178368,-2.4660165,-3.4756832,0.99237555,-0.95047593,-1.8729179
1912,2.6505425,-3.1194916,-1.4826157,-1.1253302,0.016652653,-0.16727857,1.2160412,0.059215736,1.6517254,0.046369918,-2.8504233,0.03985305,1.5457574,1.8112872,-0.7592994,2.7932737,1.3342372,1.5702285,1.4741858,-0.7263533,0.17071195,1.802964,1.1309812,-1.3749386,0.6842875,-1.1634189,-2.8336384,1.0075002,3.5884743,3.4362657,-0.9637296,-0.75512755,-2.0949378,-1.2057773,-1.630614,2.6989028,4.178947,-0.39644068,-0.48730433,-1.7385584,-3.011341,2.281035,-0.7251893,-0.014712043,-0.2018508,-4.0518746,1.7400056,0.9118321,0.9336655,1.5202159,2.2766209,-1.2752255,-1.3487564,2.730255,3.3086536,2.001579,-1.8423365,0.8221112,-1.7289747,-1.51037,-2.9506726,0.32298464,-0.49818975,-0.6188434
2051,0.64380896,-2.3542984,-0.08082159,0.4334371,0.12623829,-1.2298504,0.48392764,-0.4889254,2.1334968,-1.7714164,-0.6393151,0.1683946,1.6925772,-0.7562591,-0.67556614,1.3768893,4.299836,-0.14435,2.3686633,-1.1985228,1.1567559,2.247262,1.7727559,0.5437405,1.7968597,-0.11256279,-2.3657706,0.17651431,2.7069423,1.3562151,-0.944777,-0.63942134,-0.9186557,-0.46824574,-4.228388,2.0488465,2.9709988,1.5521411,0.74666196,1.2931408,-1.0757194,0.65715855,-0.022430718,-0.4719265,-1.0840888,-0.8540339,0.067867234,-0.5671717,-1.5557027,1.2177542,0.9940657,-2.0082107,-0.8038888,2.1165001,2.9488883,0.70592284,-1.6209128,2.811684,-0.91862226,-2.3211267,1.4031366,1.1748658,0.076461524,1.2105778
2132,0.97274756,-1.3922279,-0.21837762,0.7470166,0.102880985,-1.2166681,0.07213847,-0.7908147,2.251676,-1.4503043,0.36562082,-0.9366776,2.3627331,0.2008762,-0.82975435,1.9407328,3.7278383,-0.6539709,2.7038503,-1.8114324,0.36528575,2.966944,1.2098346,-0.76615787,2.098365,0.04028994,-3.1402373,0.29069537,3.8790448,3.7948964,-0.62759244,-0.45584288,-1.0058379,-0.9934026,-3.7087932,3.1903908,2.0339406,1.8146327,1.5156132,-0.1469076,-0.6358729,0.98124903,-1.8272734,-0.80228066,-1.52254,-0.74832183,3.5273466,-0.09838828,-1.5230874,0.54352593,0.30534062,-2.204442,-0.41512555,4.2079077,3.6787884,1.4755187,0.5321374,2.1160069,-0.22438756,-1.0358925,1.3889453,1.4595124,-0.5145416,-0.2587521
2246,2.7670155,-4.075631,-0.7678961,-1.8164768,-0.15218367,0.13864778,1.7364212,-0.051593114,0.73946464,0.069363356,-1.8504312,0.4547451,0.70906806,0.6152127,-0.6880353,1.8598865,1.6986843,0.22482929,2.3565106,-0.8694854,1.412337,0.693424,1.2809635,-0.77574337,0.7008639,-0.7092097,-2.291946,-1.2541581,2.5055926,3.667566,-3.8202379,0.3291635,-2.364438,-0.52981406,-1.2160984,1.8159646,1.9969559,0.5257254,-1.0342196,-2.3066273,-3.8155677,0.7242835,-1.6467746,-0.40741152,-0.29575348,-5.3386173,1.7198689,2.1609404,1.6734178,1.0213788,1.7132504,-1.5143862,-1.5202581,0.7894852,2.324872,2.699337,-2.5987678,2.0131292,-2.1237938,-1.1748453,-2.6708846,0.87122613,-0.20712805,-1.8949885
2290,1.590687,-2.2007024,-0.7711605,0.08708704,-0.3885844,-0.1427868,1.8228202,-0.8878801,1.2666739,0.8824212,-0.89302593,0.24941956,1.3542254,1.801006,-2.1031034,2.0846624,1.1636015,-0.03904343,2.6303833,-1.6273274,-0.4900108,1.0576997,1.5155187,-2.2879913,-0.0019707158,1.09758,-1.8000476,-0.70127845,2.5405989,3.6805086,-1.1890479,0.9250905,-3.5237167,-1.0225484,-0.8970945,2.7821758,1.1112168,-0.913172,-0.5559066,-3.595247,-3.8011217,0.6875765,-2.2519732,-1.0235053,-0.27102226,-3.9313145,2.870654,1.951128,1.2555379,0.49034712,1.4110483,-1.5878981,-2.265655,2.590024,2.1345515,3.3640459,-0.77421284,1.0367852,-1.2037362,-2.139794,-3.1585438,-0.18874936,-0.25014418,-2.7898567
2397,0.6073028,-2.308978,0.5385052,0.62539417,0.100108296,-1.4284881,1.1089122,-2.0599914,2.066603,-1.6511015,-0.5928405,0.09207007,1.5313089,-1.2156245,-1.6793065,1.0425115,3.93396,-0.659565,2.4158134,-0.8168546,0.09958446,1.9503685,2.6005087,-1.2518542,0.4230709,0.41038108,-2.0322814,-0.6702072,1.5475242,0.9699241,-1.611362,0.56219465,-2.0956655,-0.8240865,-4.0342875,2.4073625,1.6831223,0.8730643,1.2401476,-0.6085511,-1.7992268,0.4579734,-1.1156785,-0.7239024,0.008018319,-1.7300752,1.3220248,1.4236456,-1.0405293,1.0921172,0.2943452,-1.5599542,-2.3353922,1.5093648,1.6236699,1.6006633,-1.0889524,2.0052845,-1.2548763,-2.576971,0.5752299,1.4087896,0.11522686,0.72259563
2529,1.9267594,-0.16302568,-0.746986,1.633508,-0.13001461,-0.8664232,-0.06805792,-0.8770873,3.7291484,-3.4757483,-0.07835647,-0.6097807,0.91845024,-0.5483142,0.73941755,1.5004812,5.22737,-0.8034603,2.0239751,-1.0607055,0.39450783,2.0714393,2.729855,-0.38984388,2.401911,0.6473384,-3.693419,-0.4458102,1.4183635,0.6262126,-1.2195202,0.5004047,-1.7026119,0.3676328,-4.466542,1.6750171,0.49253458,3.0048137,0.36720988,2.1816628,-0.1759496,-0.124359325,-1.2711307,-0.8600062,-3.168574,-1.0345427,1.4450353,-1.3366371,0.11519201,-0.17853,-1.3940556,-0.09758383,-1.2774941,2.7800608,2.9623516,1.2778802,1.1771996,2.71585,-0.9694182,-1.0039043,4.6273003,2.9017646,-0.31671497,2.1559658
2570,2.398141,-2.2597864,-0.36407906,0.90117604,-1.2031273,-0.6654697,1.9845352,-0.21007992,2.493231,0.11003135,-2.7671547,-0.55833274,0.7885567,0.3420596,-1.3780384,1.9626986,3.8177927,1.0973084,1.6172193,-0.69703037,-0.059783906,1.8631201,1.7239116,-1.2453413,1.6954243,0.42453074,-2.1769762,-0.1271652,2.5122194,1.8194315,-0.2515023,-0.6333751,-2.4761903,-0.84734845,-2.3760958,3.1382408,2.3773048,-0.053233102,0.2279806,-0.35350618,-3.2246845,0.5251891,-0.1044849,-0.7788839,-0.3762288,-2.642201,0.86239386,0.97057486,0.68489885,1.1330303,2.0866332,-1.3188062,-2.4535887,3.2374864,2.9991634,2.726195,-1.7851449,0.33167595,-1.1000004,-2.8366537,-0.6198683,0.121937096,-0.6865851,-0.15877451
2819,1.8039596,-2.2166398,-1.178513,-1.2153331,1.7847896,0.29702073,-1.2351477,-0.81754375,1.6568596,-2.6518373,-1.8548923,1.1096985,0.99469507,1.4591597,-0.016736295,2.917253,0.57345295,-1.24322,2.2819896,-0.32978413,-1.299676,2.6349525,3.0794208,-0.9896444,-1.9739108,-0.52386016,-3.1691995,0.12964512,3.6602297,3.287441,-1.5413147,0.7390723,-4.4887004,-0.7366942,-3.8166242,1.6109047,1.0796758,1.518493,-0.2094405,0.41338766,-0.42310888,2.2360704,-2.3746748,0.1780472,-1.9958359,-4.4153304,2.4101636,0.8711619,1.3818948,-0.8895803,-1.3146964,-0.046909116,-1.4770296,2.0526288,1.6921676,1.1842963,-0.44483653,2.8404574,-4.2244015,0.61102325,0.65000176,3.268674,1.0623063,0.5773892
2862,4.1681976,0.34807423,-1.0828779,1.6746454,0.21471564,-0.20162037,-1.4445465,-0.37051758,3.2052782,-1.5568302,-0.6365092,-1.4278342,0.55382216,1.1390831,-0.14467183,2.4364886,4.0350466,-0.55312836,0.92587197,-0.58326083,-0.7184703,2.528343,2.5085914,-0.5266947,3.0921052,0.8078825,-4.035948,-0.5761769,2.676263,1.1890327,-0.9989487,1.6083773,-0.8437785,0.029357329,-2.9151893,2.9766192,-0.40762916,2.650348,-0.83378166,1.3878739,-0.1414201,0.6123526,-2.317271,-1.7442262,-2.9214962,-1.9998912,1.5423291,0.16599709,0.4885493,-0.7706875,-0.628569,-0.8544856,-2.7430081,3.9188604,2.4809248,1.30966,2.477645,2.0982232,0.4944111,-0.18710613,4.641427,2.3283987,-1.4752294,1.2876211
2887,3.2348888,-1.626036,0.1596035,1.6846634,-1.6936251,1.0259031,3.2864392,0.13764192,3.8099136,0.44806004,-2.7751544,-0.65354353,1.6324857,0.28568465,-2.28889,2.6008449,3.572243,0.55586755,1.6992508,-0.6399961,-1.5695015,0.99332774,2.994406,-2.40846,0.76373255,1.3701533,-2.2374012,-0.33884698,1.2784028,2.264249,-1.5142771,0.5546929,-3.5310578,-1.0423907,-1.7562732,4.3848104,0.7738632,0.7375933,0.17470412,-2.508199,-4.082214,-0.42014483,-1.3370829,-1.0389937,-0.8018931,-2.680026,1.6671329,1.4828204,2.259815,1.0569146,0.85921085,0.12810636,-3.1462858,4.0944886,1.9497119,2.539008,0.30548573,-0.50746787,-0.9496194,-2.735324,-1.3381776,-0.08392733,-0.8193408,-1.7297834
3170,0.7680969,-2.0677917,-0.6245851,1.5452247,0.17489094,-1.9540136,0.05370939,-1.5313101,1.6408728,-2.1991727,-1.7806703,1.5705687,0.7283132,0.085882366,0.0022074655,0.9919546,3.3931346,0.28874838,2.743111,-0.39683604,0.8915497,2.5886557,2.7116296,-0.09739646,1.1722383,0.91698307,-1.7054602,0.30425245,2.49755,0.7958751,-0.122714005,-0.3631302,-2.5795412,-1.0723141,-4.0594096,1.8354055,2.6168072,1.324553,0.44295064,0.82639116,-1.8476832,1.3983203,-0.52911663,-0.22733155,-1.600113,-2.0430157,-0.2191001,-0.096857466,-0.25584373,0.01548616,0.88277054,-1.6863358,-1.3073367,1.9510453,2.5747614,2.4395216,-1.406379,2.2910604,-2.0428383,-1.8735603,1.7042671,2.1059592,-0.0920699,1.7092524
3218,3.1172116,-1.4862514,-0.24697074,0.04517924,1.4375508,0.44253147,-1.3342111,0.5452953,2.507006,-1.1592537,-1.6383175,-0.82239693,-0.37141368,1.0175713,-0.07060291,1.9622984,4.7206964,-2.152611,1.355065,-0.09616191,-0.73977613,2.369115,3.607102,0.52676404,1.7564588,0.0902928,-3.8677087,-2.241774,2.7653024,0.34420133,-1.9989574,2.3860724,-2.1062555,0.034680307,-3.2582688,0.7424886,-1.322489,1.0923195,-0.7480864,2.522202,-0.6904049,0.00018107984,-1.2005452,-1.2903134,-1.1835036,-2.8182003,-1.6226377,0.8415432,0.8770913,0.07421958,-0.23929524,-0.11475037,-3.3658168,0.9372923,1.3083038,1.4369328,-0.37882552,3.0600357,-1.4638613,-1.3687623,4.218364,3.5802867,-0.15431157,2.6502998
3269,2.8402193,-2.3405342,-0.207728,0.33990595,-0.0767525,-0.30418462,0.36331168,-1.1024565,1.8540126,-0.55220085,-0.7240667,-0.7578596,0.9663017,0.67158043,-1.3149141,1.8289076,3.4861498,-0.025408022,1.4655955,-0.27422598,-0.72464985,1.7256267,1.9386721,-1.4709209,1.0759234,0.22486646,-2.916789,-0.82458746,2.9138181,1.3857089,-1.8056763,1.1039821,-2.4993708,-1.0489073,-3.1959188,3.0024686,1.0827048,0.5121768,-0.65937364,-0.84076786,-1.9225013,0.7000294,-1.2226131,-1.2039464,-0.05834846,-2.7599056,1.328566,2.0554426,0.17693773,0.8709704,0.9900511,-1.5882938,-3.0494356,2.7912872,2.1314337,1.8703687,-0.8970047,1.4798869,-0.6458157,-2.2106435,0.66606295,1.5551635,-0.3852223,0.3208664
3437,4.551248,-1.5875018,-1.4685066,-0.30401707,1.6904738,0.68284166,-2.3000176,1.267549,0.012001038,-0.13588622,-1.1632487,-1.0562754,1.03017,2.7029998,-1.2530029,4.5298343,2.1048386,-2.4336336,0.75944203,-0.7285658,-2.5129068,3.1889997,3.5691597,0.9135201,0.33686936,-0.07353994,-4.379356,-1.5424094,5.6919465,3.6476789,-1.5351416,2.7765088,-1.6610426,-0.67696506,-1.6016015,1.5731779,-2.3980496,0.9036768,-2.0654247,3.4429076,-0.14192888,1.2350988,-3.775703,-1.3819433,-0.7111753,-4.650582,1.8489581,2.1243114,0.4901523,-2.0042422,-0.14796592,-0.9236331,-3.4789157,2.552665,0.6734139,1.7966555,2.2225354,2.710403,-1.7037679,1.998629,3.476969,2.9688027,-0.68865913,0.5702184
3530,0.7360261,-1.4248532,0.021892697,4.446105,-1.5655493,-3.1594741,2.5639873,-1.5436506,4.6794043,-2.615496,-1.7595837,-0.25161237,1.6568006,-2.4290419,-0.7749329,0.7299107,7.2397594,-0.333117,2.9395213,-0.40025476,0.054526225,3.3867514,3.5511365,-0.26167113,2.1244228,1.303976,-2.0886686,-0.1450935,1.4024187,-0.20984037,1.413411,-1.5141063,-2.284132,-0.41229087,-5.412263,2.3815541,2.6077092,1.5585935,3.3249433,2.3707013,-1.1624439,0.52513963,0.6343696,-0.539989,-0.9003577,-0.59164244,0.7631394,-0.52719814,-1.365781,0.041054085,0.25530577,-1.1623034,-0.44817105,3.694086,3.4297757,2.9957244,-0.40743113,1.2420563,-1.0500728,-2.3309608,2.822054,1.8106854,-0.63185424,2.2595854
3563,-0.38494098,-1.2066412,-0.40763003,2.9332538,-0.16686314,-3.3244412,0.42604923,-1.9797937,2.3980436,-2.4354396,-0.2999062,-0.44147813,1.5517727,-2.2683244,-0.16098131,0.080560595,7.6198354,0.22083834,2.6413467,-0.9472097,1.8260236,2.7589211,2.6544106,0.9480196,2.6489348,0.3399498,-2.4429543,-0.6672852,2.536995,-1.18443,0.9794829,-1.4097354,-0.8000921,-0.4317289,-6.0675735,1.0426922,2.5417142,1.0359229,1.814232,4.1281734,-0.21742362,0.35263497,1.5657247,-0.37399384,-0.7746397,-0.15432478,-0.7298883,-0.9289434,-3.4723985,1.1581045,0.99768776,-1.6220106,-0.75663704,1.5391431,3.0291438,2.2731125,-1.5410774,2.844767,-0.6187028,-3.600608,3.7805617,1.792198,0.26423615,3.8624628
3676,2.9853468,-1.9921674,0.2918283,-0.3028083,0.06715496,0.54211885,0.75048053,0.0701229,2.7426383,-0.19745757,-2.2896652,-0.99833477,0.78723764,1.5916427,-1.0396193,2.1682608,3.0750365,0.011273112,1.30967,-0.48736563,-0.03528986,2.1119127,1.6576992,-1.2892354,2.7569048,-0.024886593,-3.077305,-0.5596638,3.1790135,1.8478698,-2.0395074,0.9133455,-1.2422683,-0.7927245,-2.0769446,3.7142117,2.2256134,0.9793611,-0.3353378,-2.0511348,-2.5216541,0.74139285,-0.8167997,-1.3756093,-1.4747063,-2.4208095,0.29689828,1.0421481,1.4769113,1.316712,1.8875659,-1.1542276,-2.7029662,3.3575869,2.6463532,0.95286316,-0.9398815,1.2512386,0.09678796,-1.9268452,-0.16399741,1.3568119,-1.060137,-0.6449199
3854,2.9722042,-1.31366,-0.81685716,1.3561392,-0.1908561,0.15838368,-0.56254804,-0.47375852,2.173781,-1.1906154,-0.83669543,-0.3448859,1.1243783,0.24236026,-0.23144199,1.9465039,4.328076,0.1156364,1.9160752,0.08044184,-0.40824217,2.0603228,2.590328,-0.4029249,1.39137,0.37636298,-2.5725188,-0.6737745,2.7901614,1.513627,-1.5908501,0.37899715,-3.0646574,-0.5749785,-3.9428675,2.6410313,0.35679853,2.1897824,-0.67675644,0.8999159,-1.3249238,0.20585544,-1.0795912,-1.0936389,-1.7052128,-2.223911,0.2713164,0.11778386,0.7251524,0.20545015,0.29882544,-1.0583789,-2.1111963,3.0077646,2.7754009,1.9027283,0.0780573,2.2077668,-1.1963273,-1.5199983,2.242269,2.2785604,0.48891443,1.307956
4108,1.9088777,-2.5312479,-0.41778606,0.8676165,-0.6241712,-1.608331,1.7224977,-1.6430496,2.4453635,-1.1322805,-1.6899693,-0.16763262,0.6218639,-0.089212626,-0.70217866,1.4582638,3.3003657,1.1850458,2.1048398,-0.46156025,0.84260285,2.0856867,1.1353911,-1.8408861,2.1413214,0.08957775,-1.9182451,-0.12786637,1.9651401,1.3594949,-1.0948462,-0.6380878,-2.3904672,-0.98903567,-2.9682925,3.0256724,3.453174,0.20764743,0.9467962,-2.1315815,-2.6643758,1.2045346,-0.057612274,-0.58888847,-0.12867332,-2.411792,1.7767272,1.097247,0.45688492,1.2993134,1.8806843,-1.5685114,-1.9390326,2.8159695,3.345886,2.364955,-1.5937147,0.86748946,-0.89529705,-2.2980742,-1.1826012,1.0767678,-0.38978216,-0.19590382
4158,-0.18784322,-2.7154427,0.86555445,1.679754,0.0024039024,-3.1424007,1.2521106,-1.7543817,2.357894,-0.7213551,-2.3949764,0.34907168,0.8889071,0.21341044,-1.6034638,0.689322,3.1313608,-0.14204155,3.2940605,-0.9303298,1.0781375,3.39846,1.4167583,-1.186564,2.1401637,0.7661918,-0.958537,0.0420589,3.768828,2.7122462,0.7133613,-0.83885866,-1.6162727,-2.064644,-3.8298657,3.1839228,3.55089,0.40094715,2.9943101,-1.2246655,-2.7820592,1.7004142,-0.47483894,-0.73754257,-0.28550503,-1.1750822,1.5311991,1.129091,-0.9206345,1.4904166,2.4152484,-2.4120374,-0.65952766,3.0253158,3.1292677,2.4849038,-2.1097476,1.309663,-1.1275325,-2.8452518,0.021407187,0.85429883,-0.98734105,-0.37593126
4216,4.7343397,-2.7736268,-2.1496286,-0.804378,-0.14741507,0.93147844,0.33834514,0.62147284,1.1093898,-0.029844116,-2.1141229,-0.13155983,1.6042867,1.8548301,-0.6720417,3.7381442,1.1981682,1.5022651,1.3539451,0.24193089,-0.9860009,1.698531,1.6220354,-0.68120265,0.53827405,-0.39488184,-2.7447093,0.23753028,3.2658281,2.3629212,-2.5284703,0.6482036,-3.2734392,-1.0021727,-1.6610138,2.649761,1.9399723,-0.492876,-1.6693292,-1.1621171,-2.4786577,1.0568788,-1.1908652,0.26605454,0.35938326,-4.519394,1.4405289,1.9773413,1.4841378,0.40740782,1.8909451,-1.0488324,-2.62998,2.1745791,2.1748517,2.3330166,-1.0941072,0.31708616,-2.536746,-0.79282457,-2.0599036,0.62830234,-0.01341189,-0.5801618
4272,2.3895915,-1.5607342,-1.0968349,-0.061834097,1.001264,-0.20041533,-0.39064148,-2.2579708,1.9038045,-0.92137,-0.93630236,1.2014176,0.6722486,1.3170856,0.13222224,0.7556208,1.170793,-0.27318957,2.8082407,-0.8903753,0.77499,0.89347637,3.2588775,-1.81055,-0.16587594,0.68725336,-2.6699018,-1.2901926,1.2357548,2.9856672,-3.6226363,2.490419,-2.3953552,-0.5760435,-2.7326512,2.101914,-0.25878814,2.6698446,-0.58502734,-2.277465,-3.0546057,1.0028067,-3.8703234,-0.58195144,-2.705611,-4.8835225,2.0692325,0.92212075,1.8706566,0.24070022,-1.1901227,-0.088592745,-0.97349495,1.036662,1.1627495,2.515874,1.0743365,2.8739986,-1.3460162,-1.2665715,0.71063,1.5361389,-0.76976836,-0.7215941
4286,1.7181572,-2.1301372,0.4942004,-0.31603286,0.26102424,0.5096288,1.1858069,-0.15484507,2.7692828,-0.46287665,-2.0291333,-0.2570455,1.6826779,1.6011113,-1.6211365,2.6500123,2.3981292,-0.9880511,1.935322,-0.3757416,-1.0258739,2.1899753,2.352409,-1.105842,0.98587817,0.16693763,-2.4832883,0.34345633,3.7110252,2.3536897,-0.93546486,0.04418685,-2.2215872,-1.1187981,-2.457546,3.7271726,2.6490436,0.6039266,0.09237261,-1.6871334,-2.0859604,1.2628149,-1.013822,-1.2920796,-1.4642458,-2.24213,1.032002,1.1705444,0.9343238,0.7941219,1.2417464,-1.105451,-1.6776047,3.643377,2.4790893,0.85609275,-0.69898546,1.342604,-1.5324448,-1.6610225,-1.1390425,1.1807923,-0.12244251,-0.85625005
4290,2.174668,-2.6463199,-0.04705465,0.60608387,-1.2571101,-0.9032446,2.537829,-1.6441865,3.231165,-0.8042313,-1.7109342,-0.9666141,1.9164997,-0.0915077,-1.8077835,2.1576927,2.8132188,0.71049047,1.5584999,-0.09003462,-0.5915348,2.0224278,1.2803991,-2.3447354,0.4664114,0.088817194,-2.139077,0.82004386,2.1801734,1.9534953,-0.2746794,-1.3509885,-3.3519034,-0.8835751,-3.1172616,4.282809,3.3898246,-0.011602052,0.9238426,-2.7261279,-2.1651256,1.9122787,-0.17619792,0.06845221,0.888469,-2.3312626,3.3721607,1.8294412,0.03011036,1.2836492,1.598064,-1.3802998,-1.4358642,4.1170473,2.7981899,2.1414983,-1.277941,-0.10173355,-1.5508447,-2.4057126,-2.8468678,-0.2615409,-0.7460705,-1.5117851
4409,4.6717987,-1.0183702,-1.2168665,-0.30444524,0.3449738,0.65485734,-0.011290923,-0.12743294,2.6160715,-0.3616162,-0.6914778,-0.12062612,0.7781935,2.7106175,-0.65509635,2.6327467,1.186979,-0.035122536,1.2750616,-0.76660776,-0.29449815,1.3017343,2.4003487,-1.300312,1.9208751,0.9343764,-3.5563462,-0.14002801,2.0889482,2.3526783,-2.5338807,2.150737,-1.6991183,-0.2513613,-0.96538746,3.3691447,0.6487035,1.8574003,-2.4664943,-1.766993,-2.2110376,1.002657,-3.4809275,-1.8466616,-3.0533907,-4.223765,1.8296975,1.0929074,2.0828416,-0.12614292,0.04577595,-0.5631552,-2.7692566,3.118029,1.963063,1.7059877,1.799697,1.6456729,-0.14357808,-0.86867285,0.95576376,1.1211146,-1.6275264,-0.91601837
4411,0.30969816,-2.2549589,0.36316764,1.5192598,-0.40051386,-2.320239,1.9847547,-1.8805386,3.3020666,-0.8849292,-2.8270953,0.2840352,0.7873167,0.07179523,-0.6878561,0.23330721,3.5632303,0.64523023,2.93888,-0.6854698,1.9063753,2.7972832,1.9092162,-0.79132974,2.5626009,0.54811937,-1.5166034,0.04350163,2.007943,1.5000353,-0.3278518,-0.9749392,-1.5884522,-1.0171022,-3.4969227,2.9502518,4.117442,0.974463,2.340554,-1.684735,-3.0476406,1.4069026,0.09002482,-0.37477002,-1.2080564,-1.6531897,0.9923433,-0.1722903,0.29986835,1.6477845,1.9624861,-1.4148942,-0.34347293,2.85532,3.2883105,2.6056361,-1.9527416,0.9810313,-0.94194514,-3.2495916,-0.8229291,0.62460953,-1.0468944,0.099023014
4424,1.0882642,-0.44998017,-0.8894531,2.8758793,0.024665209,-2.1695864,-0.28293872,-2.3055618,3.7170355,-4.322841,-0.65200853,0.2927605,0.17323437,-1.4055352,1.3611834,0.38225895,5.3327518,-0.68943006,2.9492977,-0.59279156,0.83486277,2.4225748,3.2840874,-0.5191225,1.9179368,1.4417913,-2.889317,-0.5481895,0.575166,-0.33685833,-0.4204104,0.075491205,-2.2173595,0.2307442,-5.194546,1.0726466,0.73781556,3.2364514,1.436475,2.6589837,-0.06752242,0.24504016,-0.9413637,-0.21502909,-3.4941008,-1.1430598,1.4018112,-0.93922293,-0.10990934,-0.9391756,-1.7182312,-0.14038783,-0.5471634,2.0919557,3.1562383,2.2206898,0.7148264,2.9509697,-1.7181938,-0.21115562,5.6029387,3.2946177,0.10571786,2.8335605
4435,1.6480584,-3.1099305,-1.3394213,-0.8110824,2.3742223,-1.0889289,-1.5387778,0.24340802,0.3033978,-0.9022955,-2.7050335,0.52704006,0.36108053,1.3418894,-0.61571735,2.8969967,2.2244108,-1.6921527,2.6336575,-0.6728765,-0.6591635,3.3542874,3.1674476,1.0375493,-0.14041138,-0.6510226,-2.3014653,-1.5316244,5.100725,3.026596,-0.76904804,1.5026319,-2.6585581,-0.67461723,-3.5707223,0.33686098,0.4488905,-0.49389148,0.53232384,2.8736873,-1.242054,1.7771782,-1.4040817,0.020926073,0.18038803,-4.1530824,-0.024398189,1.3033426,0.20536907,-0.36597532,1.1580809,-0.9774817,-1.9128697,0.07435082,1.3177366,2.10283,-1.6231273,2.8841164,-3.9286036,0.0021833181,1.3738346,2.7957428,0.62110096,1.2061555
4459,-0.34797496,-1.7527511,1.1362977,2.043861,-1.3002981,-3.0642555,2.0827262,-1.4267632,2.8293383,-1.9446782,-0.54675025,-0.6960548,1.932436,-2.1203127,-1.5022635,0.7325025,5.6431704,0.14514798,2.369331,-1.7742225,1.45377,2.7271717,1.2410619,-0.58255386,2.6516216,-0.088873334,-2.0004992,0.25419682,2.0747054,1.0805205,0.058899943,-1.4635897,-0.07029795,-0.95302284,-4.529839,2.9737732,3.7439578,1.1166375,2.9006355,-0.16485886,-1.2935102,0.35560298,0.17468736,-1.0222538,0.24984309,0.474295,1.7213712,-0.028526932,-2.483079,1.6274966,1.2977806,-2.8014913,-1.0127935,3.2520962,3.5576315,1.3469969,-1.5614944,1.5316848,0.3972255,-3.4722538,0.79139805,0.8826142,-1.2404442,1.0589235
4807,1.9784403,-1.7009051,-1.3076627,0.46606672,0.69867456,-1.328007,-1.1851294,-0.48679996,1.2729276,-1.7981646,0.09119256,-1.3785965,0.88371265,-0.13950075,-0.2498001,1.4702626,5.26774,-0.7924902,1.8295546,-1.1924413,0.17514478,2.0648284,2.1320918,0.5073874,2.2866066,-0.69339424,-3.527456,-2.6414564,3.3635733,1.1062521,-1.7639822,0.966339,-1.1518587,0.5118531,-3.9700484,0.3712802,0.4022138,0.32334286,-0.18897441,2.9526796,-0.7985924,-0.33166456,-0.5556951,-1.2448566,-0.6016731,-2.8939478,0.8241878,0.63346106,-0.6493825,0.43055153,1.1571789,-1.1730974,-2.5650904,0.24289273,2.3018665,2.0334294,-1.0885533,3.4562569,-1.1367356,-1.5143412,3.2404776,2.1094072,0.33224824,1.7950531
4827,6.1189466,-0.17466642,-0.665261,-0.48983023,1.0677261,1.9239603,-1.6331148,0.7282659,3.4748914,-0.42068613,-0.41399208,-1.4412713,0.40645522,2.3560705,-0.8954962,3.684012,2.030637,-2.165195,0.32097304,-0.48371863,-1.7664068,1.642295,3.187312,-0.81857646,1.1895432,0.734856,-4.855456,-1.3895286,1.8829558,1.6229575,-3.6425557,4.2135644,-1.7234689,0.0114599615,-1.1433647,2.6398845,-2.667695,1.8735731,-3.1402519,-0.20629635,-0.55061805,0.40941522,-4.3043885,-2.3709536,-2.6999404,-4.43572,1.1001998,1.7895287,1.8750832,-0.88068414,-1.810832,0.30232316,-4.167075,2.3526032,0.36112705,1.0835854,3.2997115,2.2991228,-0.42853004,0.16082855,3.0881546,2.431617,-2.0159054,0.10521091
5038,-1.1479619,-2.6408224,0.33666837,1.9495293,-0.1658666,-3.5080519,1.1781107,-1.8174238,1.1407589,-1.5456458,-0.9370345,-0.6076629,1.213571,-1.5599089,-1.3493009,0.12875792,5.865685,-0.73845494,3.427618,-1.4135816,1.6495357,3.1083076,1.634,0.31438923,2.9830134,-0.10823877,-1.3764361,-1.4514569,4.5179863,1.6793236,0.8347812,-1.6968569,-1.0411105,-0.78989214,-4.6604443,1.7708507,3.2490323,0.30355513,2.966141,1.5301396,-1.7462475,0.7440288,1.4399034,-0.45810395,0.641356,-0.6245079,0.9930661,0.51534253,-2.0676026,1.0401292,2.698313,-2.7894788,-0.7087471,1.8723688,3.275053,2.9856653,-2.860181,2.837427,-1.0297037,-2.691914,1.0786135,1.2551563,0.22996578,1.0606651
5219,2.715979,-0.7102943,-0.18144172,2.7861223,-0.65839016,-0.19200523,0.50800943,-0.20099482,2.8270648,-2.1335993,-1.8888724,0.16358536,1.1770209,-1.0823731,-0.48366442,2.3498619,5.761715,-1.4224902,1.6841776,0.5842289,-1.1577756,2.5915987,4.5282273,0.024860635,1.4631796,1.1178648,-2.6245081,-0.2734315,2.4454362,-0.026026934,-0.6686971,0.3446326,-2.7996695,-1.0326517,-4.376124,2.4815197,-0.50052655,2.7197878,0.05774399,2.1885154,-0.9812687,0.04760647,-0.5633305,-0.885722,-1.262444,-1.5071651,-0.844856,0.38730025,0.36478388,-0.74612254,-0.83433723,-0.3748387,-2.3398285,3.2110767,1.5087897,1.7318125,1.3410246,2.2636664,-1.7924236,-1.0432334,4.471323,3.419241,-0.006274843,2.4835708
5248,-1.7264777,-1.7838821,0.07210696,3.0060515,-0.28366032,-4.5865855,-0.020872958,-2.6408832,2.1825635,-3.3723702,-0.4119789,-0.07555932,1.3084426,-2.4670641,0.5336571,-0.67183155,6.9677916,0.7868049,3.138642,-1.123483,3.0058663,3.3186245,1.4328756,1.0648727,3.5797982,-0.024201289,-1.9919803,-0.08492092,3.6338134,-0.5676045,0.8454714,-1.7361152,-0.11762067,-0.8477894,-7.081537,1.8265846,4.302616,2.0949032,3.1867244,3.8023996,-0.01870279,0.73608005,1.487597,0.12804382,-1.1398634,0.8249325,0.1123421,-1.2676903,-4.040108,1.0073031,1.4007279,-2.782671,0.17177853,2.0998087,3.9152994,1.460452,-2.3714035,2.92541,-0.4387712,-3.095657,4.0745096,1.936871,0.03636424,3.720543
5276,-1.7444358,-2.202154,0.6553479,2.044222,-1.1221464,-3.6086824,1.8897288,-1.91731,2.523647,-2.604231,0.4294294,-0.3961882,1.9681325,-2.520742,-0.9894057,-0.31660646,6.4420943,-0.41902605,3.266773,-1.9822596,1.783116,2.4109151,1.6810849,0.54119146,1.7205021,-0.24381113,-2.0163176,-0.44585288,2.3900967,0.57241243,0.41989547,-2.0792305,-0.83964485,-0.18079911,-5.5488615,1.5422378,3.6450915,0.89762694,3.1304307,2.51757,-0.6178744,0.23245263,0.9093663,-0.4386313,0.19764584,0.4191155,1.4635607,-0.41026345,-3.2063825,1.4091736,1.1049659,-2.4480877,0.07238592,2.0700843,3.6176388,2.010085,-2.9493277,2.4102218,-0.6013194,-3.759987,1.4733543,0.8958072,0.029823828,2.006809
5391,-0.49741971,-1.8024474,0.85330456,0.09115403,0.9373446,-1.588916,0.028786495,-1.4932367,2.0166976,-1.6632987,-1.4544257,-0.16645123,0.5341009,0.47359717,-0.83755356,1.009304,3.1658921,-0.5965876,2.4034019,-1.2842398,0.73519665,3.3033533,1.191363,-1.5648677,2.6509974,0.12464841,-2.376954,-0.010756783,3.6494744,1.715903,-0.22532889,0.31777903,-1.0420899,-1.5764117,-3.601832,2.938995,3.2519622,0.5657235,2.0494099,-1.1036205,-1.5289359,1.1400648,-0.16446023,-0.8708868,-1.2997798,-0.14373912,0.9235436,0.19952127,-0.69884014,1.3912044,1.3852357,-1.9683822,-2.091755,3.1538455,3.2659273,0.72819805,-1.6985731,2.0675488,-0.3556978,-2.152497,1.1183641,2.1891382,-0.23550802,0.6312276
5452,-1.2518045,-2.4468913,0.8026204,1.950909,0.20135364,-3.8033583,0.68390125,-1.7926382,1.7935989,-2.1122131,-0.18486777,-0.57216156,1.4644012,-1.6823287,-0.8787394,0.03468849,6.1874647,-1.0730457,3.3320346,-1.5814654,1.9787489,3.2932677,2.03972,0.8023275,2.6598043,0.07915132,-1.92032,-0.87519604,3.7147174,0.72273296,0.56997806,-1.433313,-0.3977264,-1.139368,-5.6472597,1.5955136,3.1036222,0.73681945,2.7891536,2.8773358,-0.7665687,0.40829256,0.67277247,-0.90204716,0.10629198,0.011622295,0.9164441,0.13733563,-3.0061064,1.2568333,1.7753828,-2.7120237,-0.70647275,1.4793597,3.0141475,2.2218397,-2.160609,3.025349,-1.2781078,-3.2019777,2.7898953,1.8042902,0.012230731,2.5483012
5495,3.727381,-1.277618,-0.19935152,1.0055774,-0.15886815,0.79673964,1.300311,0.33277118,3.6583922,-0.078946084,-2.8999293,-0.7060905,0.18326853,1.119193,-1.0538996,2.5349193,3.3506768,0.2805844,1.2199796,-0.18188395,-1.1633425,1.8469831,2.6663342,-2.2183316,2.444152,0.668848,-3.1208873,-1.0670611,1.9463059,1.1584202,-2.117898,1.7071757,-2.560428,-0.69298816,-1.9352316,3.5192666,0.62760365,0.69980747,0.025119917,-2.1977127,-3.2245831,0.098296866,-1.0005052,-1.3427594,-1.3138292,-2.9061832,-0.15798326,1.1418021,2.5910048,0.9598704,0.8355057,0.38361615,-3.9030614,3.2341416,2.3452296,1.6494409,0.40789962,0.84460634,-0.18343332,-1.7542152,0.5740888,1.9783195,-1.021161,-0.5689332
5497,2.1396732,-2.4782166,0.4900898,-0.4692657,0.048056822,0.14554505,2.035257,-0.66430044,2.3300672,1.1494571,-2.9427407,-0.6661209,0.16562307,1.569799,-1.4170706,0.90786535,2.1953678,0.657096,1.7546833,-0.044207763,0.86100096,2.5256085,1.3217334,-1.687705,2.6900785,0.5847138,-2.2463362,-0.6338936,2.6975315,1.8557447,-1.8621718,0.7047657,-1.6477666,-1.4963194,-1.306208,3.7403655,2.6659083,0.15416527,0.5958099,-3.2081528,-3.5762548,0.64305836,0.16005495,-0.51130265,-1.0227073,-2.5380886,0.17863856,1.119073,1.6640706,2.095369,2.6130219,-1.0795923,-2.5230377,3.3624575,2.5229874,2.6671147,-1.6453862,0.572599,-0.019195333,-2.8288333,-1.6692303,0.45579815,-1.0136498,-0.834255
5521,0.49708706,-2.3965008,1.0292299,0.79223764,-0.555447,-1.5404276,2.5639894,-1.3905859,3.1893263,-0.4257338,-2.059776,-0.2313069,1.1418747,0.39111227,-2.0306022,1.425942,2.4704428,0.60276634,2.5334346,-1.4527473,0.2340249,2.3617759,0.4300699,-2.310353,1.5822108,0.36767268,-1.7163202,0.22206952,2.5390832,2.4677339,-0.16427773,-0.83975554,-1.9639575,-1.4036834,-2.7903562,3.953156,3.8871343,-0.032672845,2.5295215,-3.3881273,-2.806857,1.3258741,-0.40955064,-0.7063766,-0.098699935,-1.2726223,2.5191023,1.1335586,0.20883587,1.8763162,1.762632,-1.7477813,-1.0726422,4.2560587,3.506017,1.6711283,-1.9458027,0.25992054,0.025760219,-2.7818356,-2.4058056,0.3065287,-0.8828237,-1.6946694
5527,0.23348461,-2.1560855,-0.36774093,3.8053575,-0.6394113,-3.8596833,2.5968318,-2.8715248,4.748955,-1.1861212,-3.648442,0.7253099,0.70927095,-0.3479584,-1.218783,0.6387978,2.9802587,-0.1511291,3.9728994,-0.38217753,-0.087250724,4.069788,2.6581144,-2.0570233,1.2342448,1.4696596,-0.9084419,-0.07720933,2.1484904,2.7711341,1.567124,-1.0373861,-3.1661904,-1.386217,-3.9800699,2.9698026,3.517956,0.47315913,4.913172,-1.746535,-2.7933533,2.6512508,-0.49257162,0.21088599,-0.7716205,-2.3147185,2.8362346,0.57856834,0.538001,0.25704888,1.0783656,-0.85131073,0.8460368,4.18101,3.3181214,3.9537902,-0.6014296,0.13408105,-1.6646125,-1.0845447,-1.3699981,0.8149259,-1.0851712,-1.1764206
5693,0.11425881,-1.3065288,0.6532523,3.0237498,-1.038252,-2.7696257,0.85187334,-1.6007634,2.3120153,-2.4266653,-0.32134628,-0.31087655,1.7828422,-2.1918592,-0.9087016,0.3552941,6.4356823,0.047214538,2.5646296,-0.8901333,1.03647,2.8611093,2.3715498,0.26755047,2.5888238,0.6798536,-2.0500243,-0.16129567,2.832018,-0.17512332,0.20142211,-1.0453881,-1.0524043,-0.84559137,-5.4454203,2.7533813,2.4416552,2.3746743,2.0982633,2.3914561,-0.64264184,-0.026399232,0.29513147,-0.6709327,-0.88498926,0.187241,0.3621976,-0.12214445,-2.5093384,0.4834523,0.6075875,-2.3002496,-1.1387182,3.1206682,3.1313362,1.7972418,-0.9629148,2.3950236,-0.068068266,-2.7104256,3.5589716,1.9909273,-0.33745825,2.3721168
5783,3.9352303,-2.568235,-1.2034361,0.5716119,-0.3344352,-0.46478248,1.3795307,-1.3586034,2.5416636,0.4541523,-2.6333337,-0.6090659,0.37373656,0.82014835,-0.6357104,1.6888777,2.454868,2.172644,1.4636464,0.24580564,0.13042217,0.85326946,0.8049784,-2.9761877,2.1171727,0.18119864,-2.3954237,-0.86993694,1.803482,2.4571073,-2.7929816,0.9135103,-1.9530282,-1.0758218,-1.8285753,3.2453408,2.341817,0.6743062,0.065793045,-3.821814,-4.0632334,0.9407171,-1.1966575,-0.47765052,-0.8208672,-4.4953575,1.590437,2.1202967,1.7378948,1.7580172,2.0557947,-0.49430564,-2.3594077,2.4148626,2.7298756,2.3135138,-0.6156878,0.34078473,-0.042535,-1.6151918,-1.938273,0.51044923,-0.8780694,-1.6317719
5841,2.609544,0.12888993,-1.1041205,2.743433,-0.6509626,-0.65931463,-0.7062261,0.08103457,3.1310518,-2.6350253,-0.48490453,-1.5067254,1.3610493,-1.4696192,0.49852645,1.9132739,7.395713,-0.18992275,1.3057212,-0.36403248,-0.023751616,2.2533631,2.9433858,1.1870455,3.1621015,0.4922769,-3.428766,-0.6363,2.3580754,-0.67156255,-0.44898033,-0.050832957,-1.2619909,0.6448727,-4.820693,1.7583052,0.21395147,2.3117547,-0.18051697,4.454791,0.18648788,-0.69708306,0.30616665,-0.8503006,-2.296713,-0.3195346,-0.37328452,-1.5294007,-1.1768394,-0.42351204,-0.13045245,-0.7668647,-1.8906846,2.5945623,2.9981277,1.371141,0.914221,2.5186708,-0.80895,-1.3499975,5.293068,2.336814,-0.14904562,3.411253
5867,2.7632546,-0.7641986,0.47406057,-0.7016617,0.096606016,1.2534465,0.98026687,-0.9172943,4.1402516,-0.042937443,-2.9677236,-1.030027,0.53039765,1.5257806,-1.4960526,2.722788,1.7099079,-0.43344322,0.16930859,0.051873013,-1.3625164,2.0203822,2.4493139,-2.9480505,-0.45381498,-0.105179526,-4.054126,0.1327752,1.3172598,1.3300103,-1.8088193,1.723974,-2.7577403,-0.80561644,-2.1129057,3.6473298,0.7387461,0.9023565,0.0023580976,-2.4164197,-2.0575345,1.4480826,-2.692044,-1.3537953,-2.282174,-3.5957317,1.2409074,1.0038733,1.5401894,0.6680888,-1.138761,0.1172871,-2.7978518,4.5490437,2.0868213,1.123333,0.81591916,1.0582741,-0.40114975,-1.8829603,-0.57190406,1.3901032,-1.7160244,-0.33903378
5969,1.4067459,-1.0568798,-0.46350265,1.1019992,-0.19286332,-1.4874129,0.9811812,-1.6823254,3.09469,-2.070211,-0.121509835,-0.41480023,1.4593104,0.4816918,-0.83305556,1.5213907,3.3226888,0.30713826,2.5025008,-1.6625385,0.3635314,2.0920992,1.389042,-1.9511344,2.0041285,0.09157975,-3.1724682,-0.89480907,2.4974155,2.1558743,-1.0690349,0.22915272,-2.1485293,-0.36526158,-3.808301,2.874034,1.9808238,1.2668482,1.2955297,-1.55467,-1.8172874,1.0135202,-1.2314657,-0.8802392,-1.1450455,-1.8852656,2.8073678,0.44027752,0.5498009,1.1556311,0.4842016,-0.9544024,-1.4617004,3.0396264,3.0411422,1.8337578,-0.24223989,1.7483853,-0.03986041,-2.350033,0.13889398,1.4668312,-0.6096565,-0.5268537
6017,0.6833813,-1.8388397,0.058659583,2.6091821,-1.00545,-2.7751913,1.64374,-1.5179229,2.6446755,-1.515497,-0.8244175,-0.84157306,1.6971616,-0.90345776,-1.1597828,0.90757465,5.375849,0.71052617,2.450793,-1.0438623,0.75121605,2.7311137,1.5685009,-0.82541347,2.6866977,0.5323997,-2.0404487,-0.044378698,3.182969,0.73610806,0.9299858,-1.3542286,-1.4026176,-1.1283635,-4.435167,3.24486,3.3868263,0.6174918,2.1161203,0.6620539,-1.6309195,0.6982561,0.549277,-0.63671744,0.031431563,-0.3760644,1.453348,0.48708692,-1.6460723,1.2186261,2.1233642,-2.2071981,-1.2732219,3.401509,3.3970847,2.3469927,-1.3875922,1.2144848,-0.077168025,-3.2714858,1.2857761,0.82807344,-0.7084646,1.0001655
6063,1.8083272,-2.0186772,-0.83177656,0.74612916,0.15792874,-1.0170827,0.8159905,-1.2736111,2.1204178,-0.39052218,-1.0265683,-0.5037296,1.5982641,0.74935126,-1.31852,1.3556781,3.5081859,0.51910055,2.168781,-0.9379228,-0.06755908,1.9990422,1.9498198,-0.87293243,0.89486843,-0.015771806,-2.6102097,-0.7826748,2.5797987,1.6754594,-0.944046,0.6534747,-2.141635,-0.7925222,-3.4127533,2.0387263,1.9530754,-0.4071406,0.3065736,-0.38803363,-2.2158422,1.1027901,-0.60465544,-0.7881413,0.07197622,-2.691696,1.0606515,0.8551979,-0.13670138,1.4267774,1.3347853,-1.298084,-2.013202,1.9768636,2.3093362,2.4451723,-1.3196629,1.2752813,-0.84963816,-2.9931643,-0.65767854,0.697254,-0.33245167,0.4455362
6091,-0.5751601,-1.1508665,0.32226878,2.7410417,-0.57421505,-3.081995,0.61541384,-1.7265898,2.3286188,-2.9934711,0.41595942,-0.36313635,1.6334953,-1.3516784,-0.24867989,0.26004434,6.5269823,0.095519565,2.5193865,-1.4177666,1.9038044,2.734206,2.0006347,0.79641163,3.247472,0.7776591,-2.4889438,-0.009675756,3.1384897,-0.61646485,0.94320405,-1.358215,-0.6692961,-0.42656285,-5.750483,2.34694,3.0941842,2.4919136,1.6633619,3.5092669,-0.040279537,0.16992122,0.49213302,-0.60876733,-1.1680044,0.6278839,0.6406817,-0.8663495,-2.8108757,0.6420293,0.8810276,-2.3394756,-0.95002544,2.8978562,3.1439962,1.4978007,-1.1064681,2.7241943,-0.064737804,-3.2998102,3.8629937,1.6734346,-0.08216709,3.019244
6155,3.3688402,-0.2907551,-0.122021794,2.5084307,-0.7079632,-1.2233982,-0.95757973,-0.5190714,2.2539275,-1.5585243,-1.140051,-2.4131577,0.5724498,-1.1624634,-0.6916591,2.043628,6.810452,-0.3299269,0.40836787,0.015075514,-0.3803844,3.0179605,2.3160458,-0.008952066,3.3490446,0.19419573,-3.5681152,-0.97459865,3.3192523,-0.38165557,-0.40961146,0.75269336,-0.69565636,-0.5051358,-4.4777493,2.6232662,-0.32168275,1.8680077,0.14945766,3.5262716,-0.060782775,-0.03254443,-0.43918982,-1.0159781,-0.70327735,-0.85738736,-0.114201054,0.93269974,-2.0777926,-0.5100821,0.5067756,-1.9622024,-3.200074,3.5310361,2.5749087,1.533211,0.47924045,2.0954738,0.3293165,-1.0913113,5.3297653,2.4597619,-1.4909433,3.038365
6295,-0.5980443,-0.880551,-0.101164564,3.1325145,-1.5470566,-2.8841908,1.7624377,-1.8883653,2.5818808,-2.9528873,0.3879735,0.14076759,2.1926157,-1.8454875,-0.4223859,0.124054626,6.8771896,0.44207883,2.825971,-1.3065603,1.5305598,2.2356,2.6858456,0.45639768,2.5076263,0.8796914,-1.9111507,0.36176467,2.11048,-0.75851256,0.768502,-1.7394478,-1.554731,-0.41982043,-5.5987434,2.5543492,3.060852,1.6634945,1.4308565,2.7260559,-0.99966186,-0.20660084,1.165698,-0.52146715,-0.99670255,0.66346395,0.58000183,-1.5036215,-2.342385,0.91340846,0.85870117,-1.8866903,-0.9533746,2.7171974,3.2634454,2.2882888,-1.1334406,2.0837343,-0.66283286,-4.0995946,2.8363686,1.1346314,0.30620265,2.9687762
6395,1.2139765,-2.4104242,1.3807044,0.6131563,-0.44152963,-0.8061034,1.2936237,-1.6086853,2.2653725,-1.1875013,-1.6580336,-0.9543631,1.2818408,-0.15674703,-1.9079598,1.514885,3.834259,-0.22859675,1.6715416,-0.6283694,-0.15244381,2.7426095,1.2342801,-1.5102139,2.0946229,-0.07387368,-2.6267822,-0.6151871,3.8037941,1.4682293,-1.1557564,-0.16510725,-1.4989933,-1.2956057,-3.8176882,4.361252,2.8275425,1.3883142,1.4251246,-1.4184823,-1.7361629,1.0968324,-0.2784702,-0.88373345,-0.19294007,-1.380919,1.4711162,1.849244,-0.32992807,0.96745825,1.5202281,-2.0551844,-2.0896444,4.25543,2.7430558,1.0097114,-1.6707995,1.4173495,0.13370946,-1.9429973,-0.19146293,1.3752414,-0.7869511,-0.577682
6444,1.3271087,-2.5118856,-0.25450465,1.7804688,0.2373436,-2.4499571,1.1315343,-1.9123626,1.9242313,0.14041878,-2.5949893,-0.075732365,0.9737575,1.2777753,-2.0396485,1.5559433,1.7745019,0.3149175,2.5567667,-0.6475379,-0.06337795,3.4148836,1.2949033,-2.3943112,1.8424261,1.012481,-1.5692773,0.017113969,3.931759,3.5832903,0.6746928,0.23325343,-1.5113132,-2.1826205,-2.5147784,3.8207262,2.9963884,0.41081822,2.241712,-2.2707446,-2.9363823,2.325972,-1.5860846,-0.38572755,-0.25452578,-2.8318918,2.6929173,2.1963873,-0.45036915,0.64189935,2.303979,-2.214167,-1.3440994,4.123492,2.7156885,2.8480825,-0.34237242,0.71001834,-0.21469408,-1.1287231,-0.9205774,0.12129665,-1.3979099,-1.6090665
6474,0.95687556,-1.4511652,0.5368895,-0.5482038,0.41637215,-0.6900541,-0.6060433,-1.0921835,2.3908122,-1.9582442,-1.2043451,0.8158698,0.34424412,1.5805974,-0.32001373,1.4362562,1.4081078,-2.3846276,2.1434088,-1.3404608,0.74997973,2.2843404,3.233864,-0.52449584,-0.14084052,0.42476046,-3.2275593,0.081834376,2.5893579,2.9140615,-1.6957494,1.1855243,-1.8877852,-0.5166989,-2.6781247,2.147994,0.57856023,3.2782502,-0.031929012,0.43499932,-0.97606903,1.5525615,-3.7998924,-0.50494045,-3.111727,-2.7511954,2.0152853,0.53473586,0.2714973,-0.65189326,-1.3557571,-1.6637818,-0.531716,2.8820994,2.092451,1.4058826,-0.029866487,3.1841545,-1.448079,-0.79001784,2.212325,1.9173777,-1.2626501,0.74765855
6479,1.7989193,-0.79623824,-2.538961,-3.3077526,1.0531812,2.5575795,-2.6192837,3.0064142,-1.638611,0.22926018,-1.6501962,2.4858763,0.5148614,0.34174007,1.3445548,4.1924777,-1.8549061,-1.5682855,2.5044165,-0.35704175,-2.030628,0.05055774,2.2102923,0.47988597,-3.8985605,-1.7702396,-1.7938173,0.15867485,6.014636,3.667726,-2.6089478,1.3950291,-5.8192234,-0.664012,-2.2182586,0.6897983,-2.080566,-0.5562931,-4.0700145,0.02583747,0.15873787,2.2191083,-3.1936505,-0.7806178,0.38472074,-3.6883738,-0.52467704,2.4202964,1.3259149,-3.278501,-2.2303202,-0.9666073,-2.9932568,0.24126095,-0.78972137,0.4299702,-1.240782,2.3145218,-4.432234,0.4354639,-1.9254398,2.1898117,1.024014,0.34628898
6644,0.124329336,-1.1463087,0.19524944,0.44528788,1.600839,-1.332797,-1.4706588,-1.2128081,3.0027874,-3.38621,-1.197952,0.9073459,0.38362384,0.20634298,0.51299375,0.8071862,3.7905083,-1.3032867,2.5805902,-0.6996122,0.7565788,2.7392776,2.8016403,0.94535184,1.6152737,0.15637861,-2.652088,-0.32584682,2.8869774,0.42374885,-0.34655118,0.098064706,-1.3066825,-0.050027415,-5.519151,1.2875414,2.0096812,2.4432385,0.98258597,2.810478,0.18087292,1.0530246,-0.45978805,-0.7346109,-2.8596961,-0.69134253,-0.46730408,-1.0238017,-0.38770893,0.40018216,-0.4101125,-1.0033541,-0.62105024,1.524505,2.4086223,-0.2283915,-1.2427071,3.3874464,-2.1241615,-1.6763418,4.4136257,2.9826255,0.4980091,3.0295358
6676,2.0712395,-2.1409583,-1.509176,1.011185,0.56533104,-1.2363766,-0.5731732,-0.51831967,0.8227366,-0.9671534,-1.1320022,-1.0740105,1.6686707,-0.9034201,-0.85053617,1.3105956,5.082499,-0.35939258,1.6003965,-0.35373124,-0.21357414,1.3269756,3.0753274,-0.26268274,1.0117874,-0.7852811,-3.2609034,-2.6759188,3.1374698,1.8509269,-2.2640395,0.89585936,-0.54255164,-0.20887408,-4.084247,0.14337161,0.4313804,1.3562617,0.33868635,2.9501135,-1.6594048,-0.46156907,-1.2476941,-0.7443106,-0.26953503,-4.4359684,0.31721783,1.6743087,-0.39161,0.55418056,1.3255397,-0.4754036,-2.5742633,-0.47818083,1.1836091,2.0405693,-0.25125414,3.2659738,-1.1444387,-1.1874454,3.1008434,1.2879546,0.4227027,1.637084
6849,1.6843083,-2.2007232,0.22295105,1.0773051,-0.48929843,-1.8097775,1.635378,-1.3027719,2.9487154,-0.5600691,-1.8923826,-0.8744307,1.3253369,0.530477,-1.91059,1.550852,2.9282198,0.9030376,1.9522039,-0.7818879,0.046460792,2.4888449,0.995641,-1.6196615,2.1843581,0.05048494,-1.9221239,-0.18705165,3.2040596,1.8593665,0.15458915,-0.6772775,-1.6329558,-1.0882573,-3.2444968,3.790785,3.5529807,-0.062370226,1.6472187,-1.8818705,-2.4296641,1.5070149,-0.28965682,-1.0579878,0.2351121,-1.7792261,2.0325518,1.6791646,0.11932557,1.5775913,2.5080469,-1.7691804,-1.6859673,3.516793,2.919173,1.7379253,-1.6340052,0.50259465,-0.24151684,-2.9348829,-1.2188258,0.06520351,-1.2340682,-1.0046734
6939,1.6286819,-0.8193176,-1.0273936,1.8948,-1.0132694,-0.89972216,1.510105,-0.53904605,3.421888,-3.1854908,0.7891629,-0.9340362,1.7589191,-2.2623224,-0.254784,1.3170038,6.978132,-0.6050948,2.2565825,-1.6757427,-0.18044668,0.32783124,3.495593,0.4155511,0.32787785,-0.17520311,-3.4479706,-2.851878,0.094219565,-0.5028162,-2.4485705,0.36402932,-3.0864987,2.0731974,-5.314502,0.0077023134,-0.64281464,1.1469673,0.16660978,3.4737558,-1.1126251,-1.6733238,-0.34324074,-0.95023066,-0.744508,-2.6226575,1.2250108,-0.5091442,0.23036362,0.69281995,-0.87441516,0.8094197,-2.262149,-0.20205998,1.7087218,2.350119,-0.7154019,3.0852847,-2.0798445,-3.0264513,2.6883068,1.6797098,0.8187914,1.7920107
7019,1.5813078,-2.588798,-0.32822308,2.5154338,-0.44495106,-1.3456635,2.2972074,-0.67037696,2.7980254,-0.72183645,-2.4731913,0.06143134,0.9996681,-0.20949528,-1.6653099,1.8299587,4.6289244,-0.9113014,3.2338357,-0.48949185,-0.6908213,2.84468,3.09323,-0.8080977,1.6411896,0.9703303,-1.6835582,-1.6434505,2.9743485,1.9910446,0.11661779,-0.5609847,-3.1495812,-0.6465799,-3.2503767,2.577578,1.846725,0.15013312,1.8043003,-0.33677655,-2.9084408,1.0499473,0.09849068,-0.98861355,-0.114355266,-3.09725,0.8413219,1.6724694,0.9289657,0.024839947,1.8363106,-0.9683694,-1.8928869,2.8306296,2.4409413,3.529705,-0.908187,1.5119455,-1.6653345,-1.3566772,-0.21364525,1.4576906,0.09679142,-0.8759184
7104,0.45698392,-3.4095404,1.1453726,0.6701823,-0.013555583,-1.2853149,1.67745,-1.5907302,2.0667841,-1.1097159,-2.3822162,0.19467591,1.5847261,-0.5306039,-1.6738647,0.82807714,3.4373932,-1.0575798,3.0430598,-0.11458311,0.18043236,2.4593897,2.4466984,-0.68846774,0.26254874,0.37833655,-1.4794418,-0.007982418,3.1632993,2.0145216,-0.5541172,-1.2069333,-1.54817,-1.3212091,-4.014533,2.8793666,3.0707724,1.7092144,1.9765867,0.30080932,-1.8276901,1.4646273,-0.23934892,0.26955354,-0.75492716,-1.8351709,1.3575084,1.7401981,-0.676468,0.9749487,1.1354201,-1.564865,-0.03962753,3.0361164,2.176305,1.9509301,-2.1034372,1.7285047,-1.9100184,-1.2943131,0.2727375,0.82049,-0.11666157,-0.09104149
7115,2.8919919,-1.948603,-0.55746895,1.292227,-1.2291663,-1.1384488,1.8112755,-0.6238682,2.358982,0.59235924,-2.4500246,-0.69262016,1.6738951,0.50625193,-2.0360286,1.8483248,2.723978,1.5180899,1.3959621,-0.20028153,-0.13756642,1.604811,1.2867645,-2.0907006,1.8515759,0.47068566,-1.8377432,0.08981192,3.0233257,2.6304948,-0.55550176,-0.24187776,-1.5368754,-1.3925228,-2.232973,3.796499,2.710764,0.46115994,0.39992994,-2.0321045,-3.3900466,1.0150664,-0.8845424,-0.7617333,-0.018575525,-3.0840046,1.6862407,2.0406592,0.3817798,1.3766038,2.714566,-1.713643,-2.1776323,3.2808828,2.31088,2.3097656,-0.7407696,0.24528573,-0.09449119,-2.6299105,-1.3401515,-0.81482476,-1.4093517,-1.2570372
7216,1.7601022,-0.9451374,-0.20540246,1.1385363,-0.09006779,-0.72528076,0.5552475,-0.8251883,3.2234786,-1.9368978,-1.4920254,0.23605302,0.50618136,0.7052034,-0.3005149,1.6320565,3.3918943,-0.65857136,2.1929193,-0.6548165,-0.051480316,1.9499197,2.910044,-1.534344,1.7260551,1.0224663,-2.5767016,-0.21608886,1.8326483,1.185423,-0.81105095,0.69311005,-2.4992244,-0.50231206,-3.1175647,2.5505173,1.3246099,1.7787035,0.20646943,-0.7157664,-2.1018376,0.63354766,-1.4999241,-1.3221382,-2.4103363,-1.9167074,0.8367875,0.06731567,1.3918132,0.26389676,-0.0018678233,-0.63591564,-2.0334291,2.85227,2.6767442,1.7412044,0.17499766,2.062346,-1.084998,-1.8700199,2.0344136,2.0937383,-0.5145854,0.7102809
7269,1.6021245,-3.2188654,-0.09047994,-0.4589396,0.26795512,-0.38835776,1.3415724,-0.122710794,1.6431382,0.1932422,-2.454638,0.86240053,1.2656044,1.1266986,-1.102015,1.3080026,2.074244,0.8069329,2.274253,-0.8491782,0.8667956,1.9137903,2.4125915,-0.7430819,0.4187587,0.08030416,-2.4079165,0.30631077,2.1096,2.6622484,-1.6625721,0.2756515,-1.4652398,-1.3247586,-1.804681,2.1936646,2.9409432,0.705891,0.45095003,-1.0615847,-2.933166,0.9226807,-1.2937686,-0.035069175,-0.9044423,-3.364597,0.47956377,0.6398129,0.44734436,1.6758776,1.3687534,-1.4055414,-1.5046996,1.8554133,2.824404,2.5136583,-1.8911663,1.2400113,-1.2282171,-2.4898858,-0.910426,0.67118347,-0.71103877,0.17344205
7482,1.9003843,-1.4711537,-0.099026844,1.2318845,-1.266752,-0.16854537,3.1135287,-1.0332693,3.731637,-1.1356694,-1.5214953,-0.038463525,1.3545108,-0.011617504,-1.6629802,1.8599979,3.3710842,0.7331022,2.4592316,-1.5491619,-0.5973015,0.8077888,2.329748,-2.6782362,0.64033353,1.1142731,-2.5070064,-0.9403456,0.5814758,1.6277512,-1.3738703,0.2475427,-3.639673,-0.08587084,-2.6825526,3.4360502,1.5267351,0.7293913,0.93647814,-2.6819644,-3.7071788,-0.073868394,-0.867834,-0.50901264,-1.0410714,-2.6445856,2.47944,0.94390196,2.0102093,1.623987,0.47948533,0.38581198,-2.2940927,2.9782107,2.596821,2.512358,-0.57090014,0.6031124,-0.78464407,-2.9835184,-1.2814181,0.32793987,-0.13779071,-1.7306502
7563,0.62737274,-0.925584,-1.9425437,2.3524683,-0.6816357,-2.5376685,-0.59927505,-0.57928973,1.5140849,-2.9919515,0.12287207,-1.9591501,1.4457873,-3.5136855,0.43984464,1.1233186,8.489572,-0.43255034,2.3025014,-1.1318188,0.324807,1.6887436,1.5835267,0.85448647,3.0337574,-1.8548795,-2.9130297,-2.8412807,4.2698708,0.7278898,-0.70267814,-1.4473598,-1.2977874,1.8568584,-5.879325,-0.18982342,1.2234113,0.586283,1.2220031,4.132268,0.036993958,0.025886443,2.2470405,-0.3165126,0.25655153,-1.3208612,0.74171424,-0.31253085,-2.1926777,0.08061946,1.0921698,-1.0292933,-1.3643543,0.20313354,3.2196217,1.9523332,-1.6559079,3.7758245,-1.2641947,-0.8269327,2.596416,2.5307298,1.0825024,1.9768497
7622,0.51331824,-2.8588462,0.81134206,-0.25109228,-0.17940973,-1.2748483,2.5415764,-1.6681021,2.7894986,-0.4451442,-2.7388742,0.4760797,0.23133144,0.5856521,-0.86085075,-0.16872306,2.2905025,0.9000205,2.8842351,-0.871481,2.4915535,1.8202612,1.1265223,-1.2562821,2.282602,0.56237304,-1.4664959,-0.5151245,1.8322818,1.5804065,-1.5705543,-0.47550765,-1.9121759,-0.81311184,-2.5663836,3.1820145,4.0342317,0.7899211,1.30121,-3.1934896,-3.717858,1.2645845,0.64976585,0.030103222,-1.0498499,-2.0842047,0.45018715,0.34541672,1.380651,2.4977033,2.5284467,-1.1425295,-0.9031121,2.1593227,2.7734065,2.382328,-3.3150594,1.2367649,-0.687776,-3.8933668,-2.3977895,-0.009992883,-0.91386724,-0.88963926
7792,-0.09690265,-1.6585792,0.85183585,2.6059217,-0.19712491,-2.6554818,0.41979754,-1.471978,1.6932259,-0.74687624,-2.2944748,0.60528874,1.134802,0.28379536,-1.9675425,0.586356,3.6364627,-0.7840845,2.7885888,-0.4804017,-0.30331993,3.611805,2.5887628,-0.728536,1.4381566,1.1868888,-0.9850887,0.28356564,4.353518,2.1995091,1.535309,-0.36400118,-1.4026427,-2.1793413,-4.00291,3.0601425,2.175373,1.2703804,2.2949092,0.91563463,-1.9326253,1.3547807,-0.9110194,-1.088091,-1.0255197,-0.6237724,0.39054647,1.0317115,-1.2065717,0.19837885,1.4512686,-2.776081,-1.2746326,3.925347,2.500337,2.4569747,-1.0954478,1.5692797,-0.6206138,-2.1708946,2.352756,1.3863318,-0.8644662,1.1201818
7846,3.1792808,-2.5289893,-0.6270818,1.7786776,-1.1124688,-0.8542388,1.6243798,-0.99132675,2.2948236,0.14057516,-2.950878,0.43879867,0.53353834,0.8032237,-0.75650895,1.1767747,3.498309,1.1866437,2.1651366,0.3832106,0.42849588,1.7610838,2.6291566,-1.3798057,2.242319,1.3688045,-1.391271,0.1791241,2.223301,1.3243778,-0.8528228,-0.20859744,-2.2902288,-1.2452554,-2.1233895,3.8958888,2.6835976,1.1318516,-0.26716828,-1.8144733,-3.5855021,0.9213266,-0.14031906,-0.21407169,-1.0054152,-2.9748013,0.13509944,1.2817152,1.169059,0.8704132,2.3304095,-1.4402741,-1.8453212,3.3217378,2.9794643,3.170029,-1.1394898,0.26692027,-0.72317463,-2.3537185,-0.26782286,0.4681481,-0.89819664,-0.24496596
